{"cameraMode":{"drawMode":0,"name":"Shaded","section":"Shading Mode"},"sceneLighting":true,"audioPlay":false,"sceneViewState":{"showFog":true,"showMaterialUpdate":false,"showSkybox":true,"showFlares":true,"showImageEffects":true,"showParticleSystems":true,"showVisualEffectGraphs":true,"m_FxEnabled":true},"in2DMode":false,"pivot":{"x":171.77525329589845,"y":421.79534912109377,"z":384.3492126464844},"rotation":{"x":-0.038664013147354129,"y":-0.02967814728617668,"z":-0.0011490348260849715,"w":0.9988178014755249},"size":450.7189636230469,"orthographic":false}