{"cameraMode":{"drawMode":0,"name":"Shaded","section":"Shading Mode"},"sceneLighting":true,"audioPlay":false,"sceneViewState":{"showFog":false,"showMaterialUpdate":false,"showSkybox":false,"showFlares":false,"showImageEffects":false,"showParticleSystems":false},"in2DMode":false,"pivot":{"x":-9.82518196105957,"y":-313.0552062988281,"z":-748.4036865234375},"rotation":{"x":0.0008437991491518915,"y":-0.982394814491272,"z":0.18700973689556123,"w":0.005007931962609291},"size":1872.8349609375,"orthographic":false}