{"cameraMode":{"drawMode":0,"name":"Shaded","section":"Shading Mode"},"sceneLighting":false,"audioPlay":false,"sceneViewState":{"showFog":false,"showMaterialUpdate":false,"showSkybox":false,"showFlares":false,"showImageEffects":false,"showParticleSystems":false},"in2DMode":false,"pivot":{"x":0.8350949287414551,"y":0.845370352268219,"z":-4.126635551452637},"rotation":{"x":0.007187793496996164,"y":-0.02400072105228901,"z":-0.00016557892377022654,"w":-0.999698281288147},"size":1.2175712585449219,"orthographic":false}